doc_title,juan_title,zhengwen_id,sbck_id,jdsw_id
周易,乾,KR1a0001_001,KR1a0006_001,KR1g0003_002_001
周易,坤,KR1a0001_002,KR1a0006_002,KR1g0003_002_002
周易,屯,KR1a0001_003,KR1a0006_003,KR1g0003_002_003
周易,蒙,KR1a0001_004,KR1a0006_004,KR1g0003_002_004
周易,需,KR1a0001_005,KR1a0006_005,KR1g0003_002_005
周易,訟,KR1a0001_006,KR1a0006_006,KR1g0003_002_006
周易,師,KR1a0001_007,KR1a0006_007,KR1g0003_002_007
周易,比,KR1a0001_008,KR1a0006_008,KR1g0003_002_008
周易,小畜,KR1a0001_009,KR1a0006_009,KR1g0003_002_009
周易,履,KR1a0001_010,KR1a0006_010,KR1g0003_002_010
周易,泰,KR1a0001_011,KR1a0006_011,KR1g0003_002_011
周易,否,KR1a0001_012,KR1a0006_012,KR1g0003_002_012
周易,同人,KR1a0001_013,KR1a0006_013,KR1g0003_002_013
周易,大有,KR1a0001_014,KR1a0006_014,KR1g0003_002_014
周易,謙,KR1a0001_015,KR1a0006_015,KR1g0003_002_015
周易,豫,KR1a0001_016,KR1a0006_016,KR1g0003_002_016
周易,隨,KR1a0001_017,KR1a0006_017,KR1g0003_002_017
周易,蠱,KR1a0001_018,KR1a0006_018,KR1g0003_002_018
周易,臨,KR1a0001_019,KR1a0006_019,KR1g0003_002_019
周易,觀,KR1a0001_020,KR1a0006_020,KR1g0003_002_020
周易,噬嗑,KR1a0001_021,KR1a0006_021,KR1g0003_002_021
周易,賁,KR1a0001_022,KR1a0006_022,KR1g0003_002_022
周易,剝,KR1a0001_023,KR1a0006_023,KR1g0003_002_023
周易,復,KR1a0001_024,KR1a0006_024,KR1g0003_002_024
周易,无妄,KR1a0001_025,KR1a0006_025,KR1g0003_002_025
周易,大畜,KR1a0001_026,KR1a0006_026,KR1g0003_002_026
周易,頤,KR1a0001_027,KR1a0006_027,KR1g0003_002_027
周易,大過,KR1a0001_028,KR1a0006_028,KR1g0003_002_028
周易,習坎,KR1a0001_029,KR1a0006_029,KR1g0003_002_029
周易,離,KR1a0001_030,KR1a0006_030,KR1g0003_002_030
周易,咸,KR1a0001_031,KR1a0006_031,KR1g0003_002_031
周易,恆,KR1a0001_032,KR1a0006_032,KR1g0003_002_032
周易,遯,KR1a0001_033,KR1a0006_033,KR1g0003_002_033
周易,大壯,KR1a0001_034,KR1a0006_034,KR1g0003_002_034
周易,晉,KR1a0001_035,KR1a0006_035,KR1g0003_002_035
周易,明夷,KR1a0001_036,KR1a0006_036,KR1g0003_002_036
周易,家人,KR1a0001_037,KR1a0006_037,KR1g0003_002_037
周易,睽,KR1a0001_038,KR1a0006_038,KR1g0003_002_038
周易,蹇,KR1a0001_039,KR1a0006_039,KR1g0003_002_039
周易,解,KR1a0001_040,KR1a0006_040,KR1g0003_002_040
周易,損,KR1a0001_041,KR1a0006_041,KR1g0003_002_041
周易,益,KR1a0001_042,KR1a0006_042,KR1g0003_002_042
周易,夬,KR1a0001_043,KR1a0006_043,KR1g0003_002_043
周易,姤,KR1a0001_044,KR1a0006_044,KR1g0003_002_044
周易,萃,KR1a0001_045,KR1a0006_045,KR1g0003_002_045
周易,升,KR1a0001_046,KR1a0006_046,KR1g0003_002_046
周易,困,KR1a0001_047,KR1a0006_047,KR1g0003_002_047
周易,井,KR1a0001_048,KR1a0006_048,KR1g0003_002_048
周易,革,KR1a0001_049,KR1a0006_049,KR1g0003_002_049
周易,鼎,KR1a0001_050,KR1a0006_050,KR1g0003_002_050
周易,震,KR1a0001_051,KR1a0006_051,KR1g0003_002_051
周易,艮,KR1a0001_052,KR1a0006_052,KR1g0003_002_052
周易,漸,KR1a0001_053,KR1a0006_053,KR1g0003_002_053
周易,歸妹,KR1a0001_054,KR1a0006_054,KR1g0003_002_054
周易,豐,KR1a0001_055,KR1a0006_055,KR1g0003_002_055
周易,旅,KR1a0001_056,KR1a0006_056,KR1g0003_002_056
周易,巽,KR1a0001_057,KR1a0006_057,KR1g0003_002_057
周易,兌,KR1a0001_058,KR1a0006_058,KR1g0003_002_058
周易,渙,KR1a0001_059,KR1a0006_059,KR1g0003_002_059
周易,節,KR1a0001_060,KR1a0006_060,KR1g0003_002_060
周易,中孚,KR1a0001_061,KR1a0006_061,KR1g0003_002_061
周易,小過,KR1a0001_062,KR1a0006_062,KR1g0003_002_062
周易,既濟,KR1a0001_063,KR1a0006_063,KR1g0003_002_063
周易,未濟,KR1a0001_064,KR1a0006_064,KR1g0003_002_064
周易,繫辭上,KR1a0001_065,KR1a0006_065,KR1g0003_002_065
周易,繫辭下,KR1a0001_066,KR1a0006_066,KR1g0003_002_066
周易,說卦,KR1a0001_067,KR1a0006_067,KR1g0003_002_067
周易,序卦,KR1a0001_068,KR1a0006_068,KR1g0003_002_068
周易,雜卦,KR1a0001_069,KR1a0006_069,KR1g0003_002_069
尚書,堯典,KR1b0001_001,KR1b0002_001,KR1g0003_003_001
尚書,舜典,KR1b0001_002,KR1b0002_002,KR1g0003_003_002
尚書,大禹謨,KR1b0001_003,KR1b0002_003,KR1g0003_003_003
尚書,皋陶謨,KR1b0001_004,KR1b0002_004,KR1g0003_003_004
尚書,益稷,KR1b0001_005,KR1b0002_005,KR1g0003_003_005
尚書,禹貢,KR1b0001_006,KR1b0002_006,KR1g0003_003_006
尚書,甘誓,KR1b0001_007,KR1b0002_007,KR1g0003_003_007
尚書,五子之歌,KR1b0001_008,KR1b0002_008,KR1g0003_003_008
尚書,胤征,KR1b0001_009,KR1b0002_009,KR1g0003_003_009
尚書,湯誓,KR1b0001_010,KR1b0002_010,KR1g0003_003_010
尚書,仲虺之誥,KR1b0001_011,KR1b0002_011,KR1g0003_003_011
尚書,湯誥,KR1b0001_012,KR1b0002_012,KR1g0003_003_012
尚書,伊訓,KR1b0001_013,KR1b0002_013,KR1g0003_003_013
尚書,太甲上,KR1b0001_014,KR1b0002_014,KR1g0003_003_014
尚書,太甲中,KR1b0001_015,KR1b0002_015,KR1g0003_003_015
尚書,太甲下,KR1b0001_016,KR1b0002_016,KR1g0003_003_016
尚書,咸有一德,KR1b0001_017,KR1b0002_017,KR1g0003_003_017
尚書,盤庚上,KR1b0001_018,KR1b0002_018,KR1g0003_003_018
尚書,盤庚中,KR1b0001_019,KR1b0002_019,KR1g0003_003_019
尚書,盤庚下,KR1b0001_020,KR1b0002_020,KR1g0003_003_020
尚書,說命上,KR1b0001_021,KR1b0002_021,KR1g0003_003_021
尚書,說命中,KR1b0001_022,KR1b0002_022,KR1g0003_003_022
尚書,說命下,KR1b0001_023,KR1b0002_023,KR1g0003_003_023
尚書,高宗肜日,KR1b0001_024,KR1b0002_024,KR1g0003_003_024
尚書,西伯戡黎,KR1b0001_025,KR1b0002_025,KR1g0003_003_025
尚書,微子,KR1b0001_026,KR1b0002_026,KR1g0003_003_026
尚書,泰誓上,KR1b0001_027,KR1b0002_027,KR1g0003_004_001
尚書,泰誓中,KR1b0001_028,KR1b0002_028,KR1g0003_004_002
尚書,泰誓下,KR1b0001_029,KR1b0002_029,KR1g0003_004_003
尚書,牧誓,KR1b0001_030,KR1b0002_030,KR1g0003_004_004
尚書,武成,KR1b0001_031,KR1b0002_031,KR1g0003_004_005
尚書,洪範,KR1b0001_032,KR1b0002_032,KR1g0003_004_006
尚書,旅獒,KR1b0001_033,KR1b0002_033,KR1g0003_004_007
尚書,金縢,KR1b0001_034,KR1b0002_034,KR1g0003_004_008
尚書,大誥,KR1b0001_035,KR1b0002_035,KR1g0003_004_009
尚書,微子之命,KR1b0001_036,KR1b0002_036,KR1g0003_004_010
尚書,康誥,KR1b0001_037,KR1b0002_037,KR1g0003_004_011
尚書,酒誥,KR1b0001_038,KR1b0002_038,KR1g0003_004_012
尚書,梓材,KR1b0001_039,KR1b0002_039,KR1g0003_004_013
尚書,召誥,KR1b0001_040,KR1b0002_040,KR1g0003_004_014
尚書,洛誥,KR1b0001_041,KR1b0002_041,KR1g0003_004_015
尚書,多士,KR1b0001_042,KR1b0002_042,KR1g0003_004_016
尚書,無逸,KR1b0001_043,KR1b0002_043,KR1g0003_004_017
尚書,君奭,KR1b0001_044,KR1b0002_044,KR1g0003_004_018
尚書,蔡仲之命,KR1b0001_045,KR1b0002_045,KR1g0003_004_019
尚書,多方,KR1b0001_046,KR1b0002_046,KR1g0003_004_020
尚書,立政,KR1b0001_047,KR1b0002_047,KR1g0003_004_021
尚書,周官,KR1b0001_048,KR1b0002_048,KR1g0003_004_022
尚書,君陳,KR1b0001_049,KR1b0002_049,KR1g0003_004_023
尚書,顧命,KR1b0001_050,KR1b0002_050,KR1g0003_004_024
尚書,康王之誥,KR1b0001_051,KR1b0002_051,KR1g0003_004_025
尚書,畢命,KR1b0001_052,KR1b0002_052,KR1g0003_004_026
尚書,君牙,KR1b0001_053,KR1b0002_053,KR1g0003_004_027
尚書,冏命,KR1b0001_054,KR1b0002_054,KR1g0003_004_028
尚書,呂刑,KR1b0001_055,KR1b0002_055,KR1g0003_004_029
尚書,文侯之命,KR1b0001_056,KR1b0002_056,KR1g0003_004_030
尚書,費誓,KR1b0001_057,KR1b0002_057,KR1g0003_004_031
尚書,秦誓,KR1b0001_058,KR1b0002_058,KR1g0003_004_032
毛詩,周南,KR1c0001_001,KR1c0002_001,KR1g0003_005_001
毛詩,召南,KR1c0001_002,KR1c0002_002,KR1g0003_005_002
毛詩,邶風,KR1c0001_003,KR1c0002_003,KR1g0003_005_003
毛詩,鄘風,KR1c0001_004,KR1c0002_004,KR1g0003_005_004
毛詩,衛風,KR1c0001_005,KR1c0002_005,KR1g0003_005_005
毛詩,王風,KR1c0001_006,KR1c0002_006,KR1g0003_005_006
毛詩,鄭風,KR1c0001_007,KR1c0002_007,KR1g0003_005_007
毛詩,齊風,KR1c0001_008,KR1c0002_008,KR1g0003_005_008
毛詩,魏風,KR1c0001_009,KR1c0002_009,KR1g0003_005_009
毛詩,唐風,KR1c0001_010,KR1c0002_010,KR1g0003_005_010
毛詩,秦風,KR1c0001_011,KR1c0002_011,KR1g0003_005_011
毛詩,陳風,KR1c0001_012,KR1c0002_012,KR1g0003_006_001
毛詩,檜風,KR1c0001_013,KR1c0002_013,KR1g0003_006_002
毛詩,曹風,KR1c0001_014,KR1c0002_014,KR1g0003_006_003
毛詩,豳風,KR1c0001_015,KR1c0002_015,KR1g0003_006_004
毛詩,鹿鳴之什,KR1c0001_016,KR1c0002_016,KR1g0003_006_005
毛詩,南有嘉魚之什,KR1c0001_017,KR1c0002_017,KR1g0003_006_006
毛詩,鴻鴈之什,KR1c0001_018,KR1c0002_018,KR1g0003_006_007
毛詩,節南山之什,KR1c0001_019,KR1c0002_019,KR1g0003_006_008
毛詩,谷風之什,KR1c0001_020,KR1c0002_020,KR1g0003_006_009
毛詩,甫田之什,KR1c0001_021,KR1c0002_021,KR1g0003_006_010
毛詩,魚藻之什,KR1c0001_022,KR1c0002_022,KR1g0003_006_011
毛詩,文王之什,KR1c0001_023,KR1c0002_023,KR1g0003_007_001
毛詩,生民之什,KR1c0001_024,KR1c0002_024,KR1g0003_007_002
毛詩,蕩之什,KR1c0001_025,KR1c0002_025,KR1g0003_007_003
毛詩,清廟之什,KR1c0001_026,KR1c0002_026,KR1g0003_007_004
毛詩,臣工之什,KR1c0001_027,KR1c0002_027,KR1g0003_007_005
毛詩,閔予小子之什,KR1c0001_028,KR1c0002_028,KR1g0003_007_006
毛詩,魯頌駉之什,KR1c0001_029,KR1c0002_029,KR1g0003_007_007
毛詩,商頌,KR1c0001_030,KR1c0002_030,KR1g0003_007_008
周禮,天官冢宰,KR1d0001_001,KR1d0002_001,KR1g0003_008_001
周禮,地官司徒,KR1d0001_002,KR1d0002_002,KR1g0003_008_002
周禮,春官宗伯,KR1d0001_003,KR1d0002_003,KR1g0003_008_003
周禮,夏官司馬,KR1d0001_004,KR1d0002_004,KR1g0003_009_001
周禮,秋官司寇,KR1d0001_005,KR1d0002_005,KR1g0003_009_002
周禮,冬官考工記,KR1d0001_006,KR1d0002_006,KR1g0003_009_003
儀禮,士冠禮,CH1e0873_001,KR1d0026_001,KR1g0003_010_001
儀禮,士昬禮,CH1e0873_002,KR1d0026_002,KR1g0003_010_002
儀禮,士相見禮,CH1e0873_003,KR1d0026_003,KR1g0003_010_003
儀禮,鄉飲酒禮,CH1e0873_004,KR1d0026_004,KR1g0003_010_004
儀禮,鄉射禮,CH1e0873_005,KR1d0026_005,KR1g0003_010_005
儀禮,燕禮,CH1e0873_006,KR1d0026_006,KR1g0003_010_006
儀禮,大射,CH1e0873_007,KR1d0026_007,KR1g0003_010_007
儀禮,聘禮,CH1e0873_008,KR1d0026_008,KR1g0003_010_008
儀禮,公食大夫禮,CH1e0873_009,KR1d0026_009,KR1g0003_010_009
儀禮,覲禮,CH1e0873_010,KR1d0026_010,KR1g0003_010_010
儀禮,喪服,CH1e0873_011,KR1d0026_011,KR1g0003_010_011
儀禮,士喪禮,CH1e0873_012,KR1d0026_012,KR1g0003_010_012
儀禮,既夕禮,CH1e0873_013,KR1d0026_013,KR1g0003_010_013
儀禮,士虞禮,CH1e0873_014,KR1d0026_014,KR1g0003_010_014
儀禮,特牲饋食禮,CH1e0873_015,KR1d0026_015,KR1g0003_010_015
儀禮,少牢饋食禮,CH1e0873_016,KR1d0026_016,KR1g0003_010_016
儀禮,有司徹,CH1e0873_017,KR1d0026_017,KR1g0003_010_017
禮記,曲禮上,KR1d0052_001,KR1d0054_001,KR1g0003_011_001
禮記,曲禮下,KR1d0052_002,KR1d0054_002,KR1g0003_011_002
禮記,檀弓上,KR1d0052_003,KR1d0054_003,KR1g0003_011_003
禮記,檀弓下,KR1d0052_004,KR1d0054_004,KR1g0003_011_004
禮記,王制,KR1d0052_005,KR1d0054_005,KR1g0003_011_005
禮記,月令,KR1d0052_006,KR1d0054_006,KR1g0003_011_006
禮記,曾子問,KR1d0052_007,KR1d0054_007,KR1g0003_012_001
禮記,文王世子,KR1d0052_008,KR1d0054_008,KR1g0003_012_002
禮記,禮運,KR1d0052_009,KR1d0054_009,KR1g0003_012_003
禮記,禮器,KR1d0052_010,KR1d0054_010,KR1g0003_012_004
禮記,郊特牲,KR1d0052_011,KR1d0054_011,KR1g0003_012_005
禮記,內則,KR1d0052_012,KR1d0054_012,KR1g0003_012_006
禮記,玉藻,KR1d0052_013,KR1d0054_013,KR1g0003_012_007
禮記,明堂位,KR1d0052_014,KR1d0054_014,KR1g0003_012_008
禮記,喪服小記,KR1d0052_015,KR1d0054_015,KR1g0003_012_009
禮記,大傳,KR1d0052_016,KR1d0054_016,KR1g0003_012_010
禮記,少儀,KR1d0052_017,KR1d0054_017,KR1g0003_012_011
禮記,學記,KR1d0052_018,KR1d0054_018,KR1g0003_013_001
禮記,樂記,KR1d0052_019,KR1d0054_019,KR1g0003_013_002
禮記,雜記上,KR1d0052_020,KR1d0054_020,KR1g0003_013_003
禮記,雜記下,KR1d0052_021,KR1d0054_021,KR1g0003_013_004
禮記,喪大記,KR1d0052_022,KR1d0054_022,KR1g0003_013_005
禮記,祭法,KR1d0052_023,KR1d0054_023,KR1g0003_013_006
禮記,祭義,KR1d0052_024,KR1d0054_024,KR1g0003_013_007
禮記,祭統,KR1d0052_025,KR1d0054_025,KR1g0003_013_008
禮記,經解,KR1d0052_026,KR1d0054_026,KR1g0003_013_009
禮記,哀公問,KR1d0052_027,KR1d0054_027,KR1g0003_013_010
禮記,仲尼燕居,KR1d0052_028,KR1d0054_028,KR1g0003_013_011
禮記,孔子閒居,KR1d0052_029,KR1d0054_029,KR1g0003_013_012
禮記,坊記,KR1d0052_030,KR1d0054_030,KR1g0003_013_013
禮記,中庸,KR1d0052_031,KR1d0054_031,KR1g0003_014_001
禮記,表記,KR1d0052_032,KR1d0054_032,KR1g0003_014_002
禮記,緇衣,KR1d0052_033,KR1d0054_033,KR1g0003_014_003
禮記,奔喪,KR1d0052_034,KR1d0054_034,KR1g0003_014_004
禮記,問喪,KR1d0052_035,KR1d0054_035,KR1g0003_014_005
禮記,服問,KR1d0052_036,KR1d0054_036,KR1g0003_014_006
禮記,閒傳,KR1d0052_037,KR1d0054_037,KR1g0003_014_007
禮記,三年問,KR1d0052_038,KR1d0054_038,KR1g0003_014_008
禮記,深衣,KR1d0052_039,KR1d0054_039,KR1g0003_014_009
禮記,投壺,KR1d0052_040,KR1d0054_040,KR1g0003_014_010
禮記,儒行,KR1d0052_041,KR1d0054_041,KR1g0003_014_011
禮記,大學,KR1d0052_042,KR1d0054_042,KR1g0003_014_012
禮記,冠義,KR1d0052_043,KR1d0054_043,KR1g0003_014_013
禮記,昬義,KR1d0052_044,KR1d0054_044,KR1g0003_014_014
禮記,鄉飲酒義,KR1d0052_045,KR1d0054_045,KR1g0003_014_015
禮記,射義,KR1d0052_046,KR1d0054_046,KR1g0003_014_016
禮記,燕義,KR1d0052_047,KR1d0054_047,KR1g0003_014_017
禮記,聘義,KR1d0052_048,KR1d0054_048,KR1g0003_014_018
禮記,喪服四制,KR1d0052_049,KR1d0054_049,KR1g0003_014_019
春秋左傳,隱公,KR1e0001_001,KR1e0002_001,KR1g0003_015_001
春秋左傳,桓公,KR1e0001_002,KR1e0002_002,KR1g0003_015_002
春秋左傳,莊公,KR1e0001_003,KR1e0002_003,KR1g0003_015_003
春秋左傳,閔公,KR1e0001_004,KR1e0002_004,KR1g0003_015_004
春秋左傳,僖公,KR1e0001_005,KR1e0002_005,"KR1g0003_015_005,KR1g0003_016_001,KR1g0003_016_002"
春秋左傳,文公,KR1e0001_006,KR1e0002_006,"KR1g0003_016_003,KR1g0003_016_004"
春秋左傳,宣公,KR1e0001_007,KR1e0002_007,"KR1g0003_016_005,KR1g0003_017_001"
春秋左傳,成公,KR1e0001_008,KR1e0002_008,"KR1g0003_017_002,KR1g0003_017_003"
春秋左傳,襄公,KR1e0001_009,KR1e0002_009,"KR1g0003_017_004,KR1g0003_017_005,KR1g0003_018_001,KR1g0003_018_002,KR1g0003_018_003,KR1g0003_018_004"
春秋左傳,昭公,KR1e0001_010,KR1e0002_010,"KR1g0003_018_005,KR1g0003_019_001,KR1g0003_019_002,KR1g0003_019_003,KR1g0003_019_004,KR1g0003_019_005,KR1g0003_020_001"
春秋左傳,定公,KR1e0001_011,KR1e0002_011,"KR1g0003_020_002,KR1g0003_020_003"
春秋左傳,哀公,KR1e0001_012,KR1e0002_012,"KR1g0003_020_004,KR1g0003_020_005"
春秋公羊傳,隱公,CH1e0877_001,KR1e0007_001,KR1g0003_021_001
春秋公羊傳,桓公,CH1e0877_002,KR1e0007_002,KR1g0003_021_002
春秋公羊傳,莊公,CH1e0877_003,KR1e0007_003,KR1g0003_021_003
春秋公羊傳,閔公,CH1e0877_004,KR1e0007_004,KR1g0003_021_004
春秋公羊傳,僖公,CH1e0877_005,KR1e0007_005,KR1g0003_021_005
春秋公羊傳,文公,CH1e0877_006,KR1e0007_006,KR1g0003_021_006
春秋公羊傳,宣公,CH1e0877_007,KR1e0007_007,KR1g0003_021_007
春秋公羊傳,成公,CH1e0877_008,KR1e0007_008,KR1g0003_021_008
春秋公羊傳,襄公,CH1e0877_009,KR1e0007_009,KR1g0003_021_009
春秋公羊傳,昭公,CH1e0877_010,KR1e0007_010,KR1g0003_021_010
春秋公羊傳,定公,CH1e0877_011,KR1e0007_011,KR1g0003_021_011
春秋公羊傳,哀公,CH1e0877_012,KR1e0007_012,KR1g0003_021_012
春秋穀梁傳,隱公,KR1e0008_001,KR1e0009_001,KR1g0003_022_001
春秋穀梁傳,桓公,KR1e0008_002,KR1e0009_002,KR1g0003_022_002
春秋穀梁傳,莊公,KR1e0008_003,KR1e0009_003,KR1g0003_022_003
春秋穀梁傳,閔公,KR1e0008_004,KR1e0009_004,KR1g0003_022_004
春秋穀梁傳,僖公,KR1e0008_005,KR1e0009_005,KR1g0003_022_005
春秋穀梁傳,文公,KR1e0008_006,KR1e0009_006,KR1g0003_022_006
春秋穀梁傳,宣公,KR1e0008_007,KR1e0009_007,KR1g0003_022_007
春秋穀梁傳,成公,KR1e0008_008,KR1e0009_008,KR1g0003_022_008
春秋穀梁傳,襄公,KR1e0008_009,KR1e0009_009,KR1g0003_022_009
春秋穀梁傳,昭公,KR1e0008_010,KR1e0009_010,KR1g0003_022_010
春秋穀梁傳,定公,KR1e0008_011,KR1e0009_011,KR1g0003_022_011
春秋穀梁傳,哀公,KR1e0008_012,KR1e0009_012,KR1g0003_022_012
孝經,開宗明義,KR1f0001_001,KR1f0002_001,KR1g0003_023_001
孝經,天子,KR1f0001_002,KR1f0002_002,KR1g0003_023_002
孝經,諸侯,KR1f0001_003,KR1f0002_003,KR1g0003_023_003
孝經,卿大夫,KR1f0001_004,KR1f0002_004,KR1g0003_023_004
孝經,士章,KR1f0001_005,KR1f0002_005,KR1g0003_023_005
孝經,庶人,KR1f0001_006,KR1f0002_006,KR1g0003_023_006
孝經,三才章,KR1f0001_007,KR1f0002_007,KR1g0003_023_007
孝經,孝治章,KR1f0001_008,KR1f0002_008,KR1g0003_023_008
孝經,聖治章,KR1f0001_009,KR1f0002_009,KR1g0003_023_009
孝經,紀孝行,KR1f0001_010,KR1f0002_010,KR1g0003_023_010
孝經,五刑,KR1f0001_011,KR1f0002_011,KR1g0003_023_011
孝經,廣要道,KR1f0001_012,KR1f0002_012,KR1g0003_023_012
孝經,廣至德,KR1f0001_013,KR1f0002_013,KR1g0003_023_013
孝經,廣揚名,KR1f0001_014,KR1f0002_014,KR1g0003_023_014
孝經,諫諍,KR1f0001_015,KR1f0002_015,KR1g0003_023_015
孝經,感應,KR1f0001_016,KR1f0002_016,KR1g0003_023_016
孝經,事君,KR1f0001_017,KR1f0002_017,KR1g0003_023_017
孝經,喪親,KR1f0001_018,KR1f0002_018,KR1g0003_023_018
論語,學而,KR1h0004_001,KR1h0005_001,KR1g0003_024_001
論語,為政,KR1h0004_002,KR1h0005_002,KR1g0003_024_002
論語,八佾,KR1h0004_003,KR1h0005_003,KR1g0003_024_003
論語,里仁,KR1h0004_004,KR1h0005_004,KR1g0003_024_004
論語,公冶長,KR1h0004_005,KR1h0005_005,KR1g0003_024_005
論語,雍也,KR1h0004_006,KR1h0005_006,KR1g0003_024_006
論語,述而,KR1h0004_007,KR1h0005_007,KR1g0003_024_007
論語,泰伯,KR1h0004_008,KR1h0005_008,KR1g0003_024_008
論語,子罕,KR1h0004_009,KR1h0005_009,KR1g0003_024_009
論語,鄉黨,KR1h0004_010,KR1h0005_010,KR1g0003_024_010
論語,先進,KR1h0004_011,KR1h0005_011,KR1g0003_024_011
論語,顏淵,KR1h0004_012,KR1h0005_012,KR1g0003_024_012
論語,子路,KR1h0004_013,KR1h0005_013,KR1g0003_024_013
論語,憲問,KR1h0004_014,KR1h0005_014,KR1g0003_024_014
論語,衛靈公,KR1h0004_015,KR1h0005_015,KR1g0003_024_015
論語,季氏,KR1h0004_016,KR1h0005_016,KR1g0003_024_016
論語,陽貨,KR1h0004_017,KR1h0005_017,KR1g0003_024_017
論語,微子,KR1h0004_018,KR1h0005_018,KR1g0003_024_018
論語,子張,KR1h0004_019,KR1h0005_019,KR1g0003_024_019
論語,堯曰,KR1h0004_020,KR1h0005_020,KR1g0003_024_020
莊子,逍遙遊,KR5c0126_001,KR5c0051_001,KR1g0003_026_001
莊子,齊物論,KR5c0126_002,KR5c0051_002,KR1g0003_026_002
莊子,養生主,KR5c0126_003,KR5c0051_003,KR1g0003_026_003
莊子,人間世,KR5c0126_004,KR5c0051_004,KR1g0003_026_004
莊子,德充符,KR5c0126_005,KR5c0051_005,KR1g0003_026_005
莊子,大宗師,KR5c0126_006,KR5c0051_006,KR1g0003_026_006
莊子,應帝王,KR5c0126_007,KR5c0051_007,KR1g0003_026_007
莊子,駢拇,KR5c0126_008,KR5c0051_008,KR1g0003_027_001
莊子,馬蹄,KR5c0126_009,KR5c0051_009,KR1g0003_027_002
莊子,胠篋,KR5c0126_010,KR5c0051_010,KR1g0003_027_003
莊子,在宥,KR5c0126_011,KR5c0051_011,KR1g0003_027_004
莊子,天地,KR5c0126_012,KR5c0051_012,KR1g0003_027_005
莊子,天道,KR5c0126_013,KR5c0051_013,KR1g0003_027_006
莊子,天運,KR5c0126_014,KR5c0051_014,KR1g0003_027_007
莊子,刻意,KR5c0126_015,KR5c0051_015,KR1g0003_027_008
莊子,繕性,KR5c0126_016,KR5c0051_016,KR1g0003_027_009
莊子,秋水,KR5c0126_017,KR5c0051_017,KR1g0003_027_010
莊子,至樂,KR5c0126_018,KR5c0051_018,KR1g0003_027_011
莊子,達生,KR5c0126_019,KR5c0051_019,KR1g0003_027_012
莊子,山木,KR5c0126_020,KR5c0051_020,KR1g0003_027_013
莊子,田子方,KR5c0126_021,KR5c0051_021,KR1g0003_027_014
莊子,知北遊,KR5c0126_022,KR5c0051_022,KR1g0003_027_015
莊子,庚桑楚,KR5c0126_023,KR5c0051_023,KR1g0003_028_001
莊子,徐无鬼,KR5c0126_024,KR5c0051_024,KR1g0003_028_002
莊子,則陽,KR5c0126_025,KR5c0051_025,KR1g0003_028_003
莊子,外物,KR5c0126_026,KR5c0051_026,KR1g0003_028_004
莊子,寓言,KR5c0126_027,KR5c0051_027,KR1g0003_028_005
莊子,讓王,KR5c0126_028,KR5c0051_028,KR1g0003_028_006
莊子,盜跖,KR5c0126_029,KR5c0051_029,KR1g0003_028_007
莊子,說劍,KR5c0126_030,KR5c0051_030,KR1g0003_028_008
莊子,漁父,KR5c0126_031,KR5c0051_031,KR1g0003_028_009
莊子,列御寇,KR5c0126_032,KR5c0051_032,KR1g0003_028_010
莊子,天下,KR5c0126_033,KR5c0051_033,KR1g0003_028_011
